https://hipp.pl/,
https://hipp.pl/mleko,
https://hipp.pl/zywienie-0-1,
https://hipp.pl/dzieci-1,
https://hipp.pl/pielegnacja,
https://hipp.pl/ciaza,
https://hipp.pl/sklep,
https://hipp.pl/kontakt,
https://hipp.pl/mleko/produkty,
https://hipp.pl/zywienie-0-1/produkty,
https://hipp.pl/mleko/karmienie-piersia,
https://hipp.pl/mleko/karmienie-piersia/wideoporady-mleko-mamy-i-karmienie-piersia,
https://hipp.pl/mleko/karmienie-piersia/mleko-mamy-najlepsze-dla-maluszka-zobacz-jaki-sklad-ma-mleko-kobiece,
https://hipp.pl/mleko/karmienie-piersia/mleko-mamy-zawiera-prebiotyki-i-probiotyki-nie-bez-powodu,
https://hipp.pl/mleko/karmienie-piersia/jak-pobudzic-laktacje-skuteczne-sposoby-w-zgodzie-z-natura,
https://hipp.pl/mleko/karmienie-piersia/jak-karmic-piersia,
https://hipp.pl/mleko/karmienie-piersia/omega-3-ala-wazne-dla-rozwoju-mozgu-i-komorek-nerwowych,
https://hipp.pl/mleko/karmienie-piersia/witamina-d-wazna-do-budowy-kosci-naszych-dzieci,
https://hipp.pl/mleko/karmienie-piersia/wzrost-i-rozwoj-mozgu-w-pierwszym-roku-zycia-dziecka,
https://hipp.pl/mleko/karmienie-piersia/alergia-na-mleko-u-niemowlaka-jakim-mlekiem-najlepiej-karmic-malego-alergika,
https://hipp.pl/mleko/karmienie-piersia/po-czym-poznam-ze-dziecko-sie-najada-zasady-karmienia-piersia-i-karmienia-mieszanego,
https://hipp.pl/mleko/karmienie-piersia/jak-dlugo-karmic-piersia-i-jak-odstawic-dziecko-od-piersi-porady,
https://hipp.pl/mleko/karmienie-piersia/na-czym-polega-dieta-matki-karmiacej,
https://hipp.pl/mleko/karmienie-piersia/karmienie-mieszane-jakie-mleko-modyfikowane-wprowadzic-do-diety,
https://hipp.pl/mleko/karmienie-piersia/wzdecia-u-noworodka,
https://hipp.pl/mleko/karmienie-piersia/karmienie-piersia-po-cesarce,
https://hipp.pl/mleko/karmienie-piersia/karmienie-piersia-w-ciazy,
https://hipp.pl/mleko/karmienie-piersia/mikroflora-jelitowa-u-dzieci-jak-dbac-o-odpornosc-dziecka-i-zdrowy-brzuszek,
https://hipp.pl/mleko/mleko-modyfikowane,
https://hipp.pl/mleko/mleko-modyfikowane/jak-powstalo-nasze-mleko,
https://hipp.pl/mleko/mleko-modyfikowane/mleko-modyfikowane-kompedium-wiedzy,
https://hipp.pl/mleko/mleko-modyfikowane/jak-przygotowac-mleko-modyfikowane,
https://hipp.pl/mleko/mleko-modyfikowane/jak-przejsc-z-karmienia-piersia-na-mleko-modyfikowane,
https://hipp.pl/mleko/mleko-modyfikowane/co-zrobic-kiedy-po-karmieniu-piersia-dziecko-nie-chce-pic-mleka-z-butelki,
https://hipp.pl/mleko/mleko-modyfikowane/moje-dziecko-nie-chce-pic-mleka,
https://hipp.pl/mleko/mleko-modyfikowane/jak-wprowadzic-mleko-modyfikowane-do-diety-dziecka,
https://hipp.pl/mleko/mleko-modyfikowane/jakie-mleko-modyfikowane-jest-najlepsze-dla-dziecka,
https://hipp.pl/mleko/mleko-modyfikowane/jakie-mleko-dla-rocznego-dziecka,
https://hipp.pl/mleko/mleko-modyfikowane/7-faktow-o-zdrowym-rozwoju-i-mocnych-kosciach-malych-dzieci,
https://hipp.pl/mleko/mleko-modyfikowane/dlaczego-twoje-dziecko-potrzebuje-7-x-wiecej-witaminy-d,
https://hipp.pl/mleko/mleko-modyfikowane/czy-malym-dzieciom-podac-mleko-krowie-czy-lepiej-kontynuowac-mleko-modyfikowane,
https://hipp.pl/mleko/mleko-modyfikowane/co-to-jest-mleko-hipoalergiczne-ha,
https://hipp.pl/mleko/mleko-modyfikowane/kiedy-mozna-zamienic-mleko-ha-na-zwykle-mleko,
https://hipp.pl/mleko/mleko-modyfikowane/nietolerancja-laktozy-u-niemowlat,
https://hipp.pl/mleko/mleko-modyfikowane/karmienie-noworodka-ile-mleka-powinno-wypijac-moje-dziecko,
https://hipp.pl/mleko/mleko-modyfikowane/do-kiedy-dziecko-powinno-pic-mleko-modyfikowane,
https://hipp.pl/mleko/produkty/hipp-combiotikr,
https://hipp.pl/mleko/produkty/hipp-combiotikr/mleko-poczatkowe-hipp-1-combiotikr,
https://hipp.pl/mleko/produkty/hipp-combiotikr/mleko-nastepne-hipp-combiotikr,
https://hipp.pl/mleko/produkty/hipp-combiotikr/mleko-dla-dzieci-hipp-combiotikr,
https://hipp.pl/mleko/produkty/hipp-ha-combiotikr,
https://hipp.pl/mleko/produkty/hipp-ha-combiotikr/mleko-poczatkowe-hipp-ha-combiotikr,
https://hipp.pl/mleko/produkty/hipp-ha-combiotikr/mleko-nastepne-hipp-ha-combiotikr,
https://hipp.pl/mleko/produkty/mleka-specjalistyczne-hipp,
https://hipp.pl/mleko/produkty/mleka-specjalistyczne-hipp/hipp-comfort-combiotikr-dla-wrazliwych-brzuszkow,
https://hipp.pl/mleko/produkty/mleka-specjalistyczne-hipp/hipp-ar-na-nadmierne-ulewanie,
https://hipp.pl/mleko/produkty/jak-przygotowac-mleko,
https://hipp.pl/mleko/leksykon-mleczny,
https://hipp.pl/mleko/leksykon-mleczny/a/antyreflux-ar,
https://hipp.pl/mleko/leksykon-mleczny/a/ara-kwas-arachidonowy,
https://hipp.pl/mleko/leksykon-mleczny/a/ad-libidum-wg-uznania,
https://hipp.pl/mleko/leksykon-mleczny/b/bialko-obnizona-zawartosc-bialka,
https://hipp.pl/mleko/leksykon-mleczny/b/bialko-hydrolizowane,
https://hipp.pl/mleko/leksykon-mleczny/b/bifidobakterie,
https://hipp.pl/mleko/leksykon-mleczny/c/cesarskie-ciecie,
https://hipp.pl/mleko/leksykon-mleczny/d/dha-kwas-dokozaheksaenowy,
https://hipp.pl/mleko/leksykon-mleczny/d/dokarmianie,
https://hipp.pl/mleko/leksykon-mleczny/f/fos-fruktooligosacharydy,
https://hipp.pl/mleko/leksykon-mleczny/g/gos-galaktooligosacharydy,
https://hipp.pl/mleko/leksykon-mleczny/h/hmo-oligosacharydy-mleka-kobiecego,
https://hipp.pl/mleko/leksykon-mleczny/k/kwasy-tluszczowe-omega-3-i-omega-6,
https://hipp.pl/mleko/leksykon-mleczny/k/kolka,
https://hipp.pl/mleko/leksykon-mleczny/l/lactobacillus-paleczki-bakterii-kwasu-mlekowego,
https://hipp.pl/mleko/leksykon-mleczny/l/laktoza,
https://hipp.pl/mleko/leksykon-mleczny/l/lc-pufa,
https://hipp.pl/mleko/leksykon-mleczny/m/maczka-chleba-swietojanskiego,
https://hipp.pl/mleko/leksykon-mleczny/m/miarka,
https://hipp.pl/mleko/leksykon-mleczny/m/mikroflora-jelitowa/mikrobiota,
https://hipp.pl/mleko/leksykon-mleczny/m/mleko-comfort,
https://hipp.pl/mleko/leksykon-mleczny/m/mleko-ha,
https://hipp.pl/mleko/leksykon-mleczny/m/mleko-dla-dzieci-junior,
https://hipp.pl/mleko/leksykon-mleczny/m/mleko-matki,
https://hipp.pl/mleko/leksykon-mleczny/m/mleko-nastepne,
https://hipp.pl/mleko/leksykon-mleczny/m/mleko-poczatkowe,
https://hipp.pl/mleko/leksykon-mleczny/o/odstawienie-od-piersi,
https://hipp.pl/mleko/leksykon-mleczny/p/pierwiastki-sladowe-mikroelementy,
https://hipp.pl/mleko/leksykon-mleczny/p/prebiotyki,
https://hipp.pl/mleko/leksykon-mleczny/p/probiotyki,
https://hipp.pl/mleko/leksykon-mleczny/p/przygotowanie-mleka,
https://hipp.pl/mleko/leksykon-mleczny/s/siara,
https://hipp.pl/mleko/leksykon-mleczny/s/skladniki-mineralne,
https://hipp.pl/mleko/leksykon-mleczny/s/skladniki-odzywcze,
https://hipp.pl/mleko/leksykon-mleczny/s/smoczki,
https://hipp.pl/mleko/leksykon-mleczny/s/substancje-dodatkowe,
https://hipp.pl/mleko/leksykon-mleczny/s/srodki-spozywcze-specjalnego-przeznaczenia-zywieniowego,
https://hipp.pl/mleko/leksykon-mleczny/u/uklad-immunologiczny,
https://hipp.pl/mleko/leksykon-mleczny/w/wapn,
https://hipp.pl/mleko/leksykon-mleczny/w/witamina-d,
https://hipp.pl/mleko/leksykon-mleczny/z/zloty-standard,
https://hipp.pl/zywienie-0-1/aktualnosci,
https://hipp.pl/zywienie-0-1/aktualnosci/nowosci,
https://hipp.pl/zywienie-0-1/aktualnosci/super-oferta,
https://hipp.pl/zywienie-0-1/produkty/warzywa/warzywa,
https://hipp.pl/zywienie-0-1/produkty/dania,
https://hipp.pl/zywienie-0-1/produkty/dania/dania-po-4/5-miesiacu,
https://hipp.pl/zywienie-0-1/produkty/dania/dania-po-7-miesiacu,
https://hipp.pl/zywienie-0-1/produkty/dania/dania-po-9-miesiacu,
https://hipp.pl/zywienie-0-1/produkty/dania/pasta-bambini,
https://hipp.pl/zywienie-0-1/produkty/zupki,
https://hipp.pl/zywienie-0-1/produkty/zupki/zupki-po-4-miesiacu,
https://hipp.pl/zywienie-0-1/produkty/zupki/zupki-po-5-miesiacu,
https://hipp.pl/zywienie-0-1/produkty/zupki/zupki-po-7-miesiacu,
https://hipp.pl/zywienie-0-1/produkty/owoce,
https://hipp.pl/zywienie-0-1/produkty/owoce/owoce-w-sloiczkach,
https://hipp.pl/zywienie-0-1/produkty/owoce/owoce-w-kubeczkach,
https://hipp.pl/zywienie-0-1/produkty/owoce/owoce-zboza,
https://hipp.pl/zywienie-0-1/produkty/owoce/owoce-jogurt,
https://hipp.pl/zywienie-0-1/produkty/owoce/owocowe-duety,
https://hipp.pl/zywienie-0-1/produkty/owoce/jogurtowa-chwila,
https://hipp.pl/zywienie-0-1/produkty/owoce/moje-sniadanko,
https://hipp.pl/zywienie-0-1/produkty/owoce/domowe-pysznosci,
https://hipp.pl/zywienie-0-1/produkty/owoce/hippis-owoce-w-tubkach,
https://hipp.pl/zywienie-0-1/produkty/kaszki,
https://hipp.pl/zywienie-0-1/produkty/kaszki/kaszki-mleczne-sypkie,
https://hipp.pl/zywienie-0-1/produkty/kaszki/kaszki-bezmleczne-zbozowe-sypkie,
https://hipp.pl/zywienie-0-1/produkty/kaszki/przysmak-na-dobranoc,
https://hipp.pl/zywienie-0-1/produkty/musli/musli,
https://hipp.pl/zywienie-0-1/produkty/napoje,
https://hipp.pl/zywienie-0-1/produkty/napoje/woda-mineralna-dla-niemowlat,
https://hipp.pl/zywienie-0-1/produkty/napoje/herbatki-w-saszetkach,
https://hipp.pl/zywienie-0-1/produkty/napoje/soki-100,
https://hipp.pl/zywienie-0-1/produkty/napoje/nektary/napoje,
https://hipp.pl/zywienie-0-1/produkty/napoje/herbatka-sok,
https://hipp.pl/zywienie-0-1/produkty/do-chrupania,
https://hipp.pl/zywienie-0-1/produkty/do-chrupania/wafelki-ryzowe,
https://hipp.pl/zywienie-0-1/produkty/do-chrupania/pierwsze-chrupki,
https://hipp.pl/zywienie-0-1/produkty/do-chrupania/ciasteczka,
https://hipp.pl/zywienie-0-1/produkty/hipp-ors-200/hipp-ors-200,
https://hipp.pl/zywienie-0-1/poradnik,
https://hipp.pl/zywienie-0-1/rozszerzanie-diety/rozszerzanie-diety-praktyczne-wskazowki,
https://hipp.pl/zywienie-0-1/rozszerzanie-diety/przewodnik-po-etykietach,
https://hipp.pl/zywienie-0-1/poradnik/7-pytan-niedobory-zelaza-a-mieso-w-diecie-dziecka,
https://hipp.pl/zywienie-0-1/rozszerzanie-diety/dania-ze-sloiczka-praktyczne-wskazowki,
https://hipp.pl/zywienie-0-1/poradnik/czy-dzieci-rzeczywiscie-potrzebuja-miesa,
https://hipp.pl/zywienie-0-1/poradnik/ryby-zdrowe-rowniez-dla-niemowlat,
https://hipp.pl/zywienie-0-1/poradnik/dania-bezmiesne,
https://hipp.pl/zywienie-0-1/poradnik/co-warto-wiedziec-o-aceroli,
https://hipp.pl/zywienie-0-1/poradnik/dlaczego-kwasy-tluszczowe-omega-3-z-oleju-rzepakowego-sa-wazne,
https://hipp.pl/zywienie-0-1/poradnik/co-i-w-jakich-ilosciach-powinny-pic-niemowleta-w-okresie-rozszerzania-diety,
https://hipp.pl/zywienie-0-1/poradnik/co-i-w-jakich-ilosciach-powinny-pic-niemowleta-w-okresie-rozszerzania-diety/co-i-w-jakich-ilosciach-powinny-pic-niemowleta,
https://hipp.pl/zywienie-0-1/poradnik/co-i-w-jakich-ilosciach-powinny-pic-niemowleta-w-okresie-rozszerzania-diety/picie-z-kubeczka,
https://hipp.pl/zywienie-0-1/poradnik/zdrowie-i-rozwoj-maluszka,
https://hipp.pl/zywienie-0-1/poradnik/zdrowie-i-rozwoj-maluszka/trawienie-u-niemowlat-jak-nalezy-postepowac-gdy-kupka-dziecka-jest-zbyt-miekka-lub-plynna,
https://hipp.pl/zywienie-0-1/poradnik/zdrowie-i-rozwoj-maluszka/trawienie-u-niemowlat-jak-postepowac-gdy-maluszek-cierpi-na-zaparcia,
https://hipp.pl/zywienie-0-1/poradnik/zdrowie-i-rozwoj-maluszka/alergia,
https://hipp.pl/zywienie-0-1/poradnik/zdrowie-i-rozwoj-maluszka/alergia/oznaczenie-alergenow-i-ilosci-sladowych,
https://hipp.pl/zywienie-0-1/poradnik/zdrowie-i-rozwoj-maluszka/alergia/program-zywienia-hipp-dla-niemowlat-z-grupy-podwyzszonego-ryzyka-wystapienia-alergii,
https://hipp.pl/zywienie-0-1/poradnik/zdrowie-i-rozwoj-maluszka/zdrowe-zabki-od-samego-poczatku,
https://hipp.pl/zywienie-0-1/poradnik/zdrowie-i-rozwoj-maluszka/sen,
https://hipp.pl/zywienie-0-1/poradnik/zdrowie-i-rozwoj-maluszka/sen/odpowiednia-kolacja-dla-maluszka,
https://hipp.pl/zywienie-0-1/poradnik/zdrowie-i-rozwoj-maluszka/sen/bezpieczny-sen,
https://hipp.pl/zywienie-0-1/poradnik/zdrowie-i-rozwoj-maluszka/sen/ile-snu-potrzebuje-moje-dziecko,
https://hipp.pl/zywienie-0-1/poradnik/zdrowie-i-rozwoj-maluszka/sen/czy-powinnam-karmic-dziecko-w-nocy,
https://hipp.pl/zywienie-0-1/poradnik/zdrowie-i-rozwoj-maluszka/sen/kiedy-maluch-zacznie-przesypiac-cala-noc,
https://hipp.pl/zywienie-0-1/poradnik/zdrowie-i-rozwoj-maluszka/sen/wskazowki-na-dobry-sen,
https://hipp.pl/zywienie-0-1/poradnik/zdrowie-i-rozwoj-maluszka/placz,
https://hipp.pl/zywienie-0-1/poradnik/zdrowie-i-rozwoj-maluszka/rozwoj-motoryczny-i-nauka-mowienia,
https://hipp.pl/zywienie-0-1/poradnik/zdrowie-i-rozwoj-maluszka/rozwoj-motoryczny-i-nauka-mowienia/rozwoj-motoryczny-u-dziecka,
https://hipp.pl/zywienie-0-1/poradnik/zdrowie-i-rozwoj-maluszka/rozwoj-motoryczny-i-nauka-mowienia/rozwoj-mowy,
https://hipp.pl/zywienie-0-1/poradnik/urlop-z-malenstwem,
https://hipp.pl/zywienie-0-1/poradnik/urlop-z-malenstwem/kinderhotels-hotele-przyjazne-dziecku,
https://hipp.pl/zywienie-0-1/poradnik/urlop-z-malenstwem/podrozowanie-bez-stresu,
https://hipp.pl/zywienie-0-1/poradnik/urlop-z-malenstwem/wakacyjna-dieta,
https://hipp.pl/zywienie-0-1/poradnik/urlop-z-malenstwem/przewozenie-zywnosci-dla-dziecka,
https://hipp.pl/zywienie-0-1/poradnik/urlop-z-malenstwem/co-zabrac-ze-soba-na-urlop,
https://hipp.pl/zywienie-0-1/poradnik/urlop-z-malenstwem/pierwsza-pomoc,
https://hipp.pl/zywienie-0-1/poradnik/100-owocow-bio,
https://hipp.pl/dzieci-1/aktualnosci,
https://hipp.pl/dzieci-1/aktualnosci/nowosci,
https://hipp.pl/dzieci-1/produkty,
https://hipp.pl/dzieci-1/produkty/dania,
https://hipp.pl/dzieci-1/produkty/dania/dania-po-12-miesiacu,
https://hipp.pl/dzieci-1/produkty/dania/dania-w-miseczkach,
https://hipp.pl/dzieci-1/produkty/dania/dania-ristorante-la-mamma,
https://hipp.pl/dzieci-1/produkty/napoje/napoje,
https://hipp.pl/dzieci-1/produkty/musli-dla-dzieci/musli-dla-dzieci,
https://hipp.pl/dzieci-1/produkty/przekaski-dla-dzieci,
https://hipp.pl/dzieci-1/produkty/przekaski-dla-dzieci/chrupiace-gwiazdki-i-koleczka,
https://hipp.pl/dzieci-1/produkty/przekaski-dla-dzieci/batoniki,
https://hipp.pl/dzieci-1/produkty/przekaski-dla-dzieci/przekaski-3,
https://hipp.pl/dzieci-1/produkty/hippis-owoce-w-tubkach,
https://hipp.pl/dzieci-1/produkty/hippis-owoce-w-tubkach/hippis-smoothie-drink,
https://hipp.pl/dzieci-1/produkty/hippis-owoce-w-tubkach/hippis-sport,
https://hipp.pl/dzieci-1/poradnik,
https://hipp.pl/dzieci-1/poradnik/wiek-wczesnodzieciecy-nowy-etap-w-rozwoju-twojego-malucha,
https://hipp.pl/dzieci-1/poradnik/dlaczego-warto-dziecku-podawac-mleko-z-zaleceniem-wiekowym,
https://hipp.pl/dzieci-1/poradnik/wspieraj-dobre-nawyki-zywieniowe-dziecka,
https://hipp.pl/dzieci-1/poradnik/zdaniem-eksperta,
https://hipp.pl/dzieci-1/poradnik/zdaniem-eksperta/kiedy-maluch-jest-niejadkiem,
https://hipp.pl/dzieci-1/poradnik/zdaniem-eksperta/jak-zachecic-dziecko-do-jedzenia-warzyw-i-owocow,
https://hipp.pl/dzieci-1/poradnik/odpowiednie-sniadanie-idealny-poczatek-dnia,
https://hipp.pl/dzieci-1/poradnik/jedzenie-praktyczne-porady,
https://hipp.pl/dzieci-1/poradnik/spaghetti-rigatoni-penne-fussili-maluchy-kochaja-makaron,
https://hipp.pl/dzieci-1/poradnik/dlaczego-male-dzieci-potrzebuja-specjalnego-zywienia,
https://hipp.pl/dzieci-1/poradnik/zywienie-malego-dziecka-pytania-i-odpowiedzi,
https://hipp.pl/dzieci-1/poradnik/zywienie-malego-dziecka-pytania-i-odpowiedzi/jedzenie-przy-stole,
https://hipp.pl/dzieci-1/poradnik/zywienie-malego-dziecka-pytania-i-odpowiedzi/moje-dziecko-jest-wybredne,
https://hipp.pl/dzieci-1/poradnik/zywienie-malego-dziecka-pytania-i-odpowiedzi/ile-dziecko-powinno-jesc,
https://hipp.pl/dzieci-1/poradnik/zywienie-malego-dziecka-pytania-i-odpowiedzi/wlasciwe-zachowanie-przy-stole,
https://hipp.pl/dzieci-1/poradnik/zywienie-malego-dziecka-pytania-i-odpowiedzi/picie,
https://hipp.pl/dzieci-1/poradnik/zywienie-malego-dziecka-pytania-i-odpowiedzi/czego-unikac,
https://hipp.pl/dzieci-1/poradnik/urodzinowy-poradnik,
https://hipp.pl/dzieci-1/poradnik/dzieci-potrzebuja-duzo-ruchu,
https://hipp.pl/dzieci-1/poradnik/odkrywanie-swiata-przez-zabawe,
https://hipp.pl/dzieci-1/hippis/aplikacja-hippis,
https://hipp.pl/dzieci-1/hippis/poznaj-hippis-y,
https://hipp.pl/dzieci-1/hippis/pomysly-zabaw-dla-dzieci,
https://hipp.pl/dzieci-1/hippis/pomysly-zabaw-dla-dzieci/zabawy-w-lesie,
https://hipp.pl/dzieci-1/hippis/pomysly-zabaw-dla-dzieci/zabawy-w-piaskownicy,
https://hipp.pl/dzieci-1/hippis/pomysly-zabaw-dla-dzieci/zabawy-na-lace,
https://hipp.pl/dzieci-1/hippis/pomysly-zabaw-dla-dzieci/wodne-zabawy-w-ogrodzie,
https://hipp.pl/dzieci-1/hippis/pomysly-zabaw-dla-dzieci/kolorowe-zabawy,
https://hipp.pl/pielegnacja/produkty,
https://hipp.pl/pielegnacja/produkty/chusteczki-nawilzane/chusteczki-nawilzane,
https://hipp.pl/pielegnacja/produkty/kremy/kremy,
https://hipp.pl/pielegnacja/produkty/mleczko-i-oliwka/mleczko-i-oliwka,
https://hipp.pl/pielegnacja/produkty/mycie/mycie,
https://hipp.pl/pielegnacja/produkty/kapiel/kapiel,
https://hipp.pl/pielegnacja/produkty/pomadki/pomadki,
https://hipp.pl/pielegnacja/dla-wrazliwej-skory,
https://hipp.pl/pielegnacja/poradnik,
https://hipp.pl/pielegnacja/poradnik/masaz-niemowlecia,
https://hipp.pl/pielegnacja/poradnik/jak-zapobiegac-odparzeniom-pupy,
https://hipp.pl/pielegnacja/poradnik/przewijanie-maluszka-porady,
https://hipp.pl/pielegnacja/poradnik/ochrona-przed-sloncem/slonce-a-skora-dziecka,
https://hipp.pl/pielegnacja/poradnik/ochrona-przed-sloncem/ochrona-przed-sloncem-porady,
https://hipp.pl/pielegnacja/poradnik/delikatna-pielegnacja-hipp-z-olejkiem-migdalowym,
https://hipp.pl/pielegnacja/poradnik/skora-dziecka,
https://hipp.pl/pielegnacja/poradnik/wywiad-z-ekspertem,
https://hipp.pl/pielegnacja/poradnik/wywiad-z-ekspertem/czym-szczegolnym-wyroznia-sie-skora-noworodka,
https://hipp.pl/pielegnacja/poradnik/wywiad-z-ekspertem/jak-czesto-powinnam-kapac-moje-dziecko,
https://hipp.pl/pielegnacja/poradnik/wywiad-z-ekspertem/kiedy-powinnam-smarowac-skore-maluszka-kremem,
https://hipp.pl/pielegnacja/poradnik/wywiad-z-ekspertem/jak-mozna-zapobiegac-odparzeniom-skory-w-okolicach-pieluszki,
https://hipp.pl/pielegnacja/poradnik/wywiad-z-ekspertem/jakie-sa-objawy-suchej-skory-oraz-atopowego-zapalenie-skory,
https://hipp.pl/pielegnacja/poradnik/pielegnacja-skory-wyjatkowo-wrazliwej,
https://hipp.pl/pielegnacja/poradnik/aby-kapiel-byla-przyjemnoscia,
https://hipp.pl/pielegnacja/poradnik/pielegnacja,
https://hipp.pl/pielegnacja/poradnik/dla-calej-rodziny,
https://hipp.pl/pielegnacja/poradnik/zadbaj-o-bezpieczenstwo-twojego-maluszka,
https://hipp.pl/ciaza/produkty,
https://hipp.pl/ciaza/produkty/hipp-mamasanft/maslo-do-ciala,
https://hipp.pl/ciaza/produkty/herbatki-dla-mamy,
https://hipp.pl/ciaza/poradnik,
https://hipp.pl/ciaza/poradnik/zdrowe-odzywianie,
https://hipp.pl/ciaza/poradnik/zdrowe-odzywianie/jesc-za-dwoje,
https://hipp.pl/ciaza/poradnik/zdrowe-odzywianie/pij-wystarczajaca-ilosc-napojow,
https://hipp.pl/ciaza/poradnik/zdrowe-odzywianie/przybieranie-na-wadze,
https://hipp.pl/ciaza/poradnik/zdrowe-odzywianie/posilki-bogate-w-zelazo,
https://hipp.pl/ciaza/poradnik/wazne-skladniki-odzywcze,
https://hipp.pl/ciaza/poradnik/wazne-skladniki-odzywcze/kwas-foliowy,
https://hipp.pl/ciaza/poradnik/wazne-skladniki-odzywcze/zelazo,
https://hipp.pl/ciaza/poradnik/wazne-skladniki-odzywcze/jod,
https://hipp.pl/ciaza/poradnik/wazne-skladniki-odzywcze/witamina-b6,
https://hipp.pl/ciaza/poradnik/wazne-skladniki-odzywcze/witamina-b12,
https://hipp.pl/ciaza/poradnik/wazne-skladniki-odzywcze/magnez,
https://hipp.pl/ciaza/poradnik/wazne-skladniki-odzywcze/cynk,
https://hipp.pl/ciaza/poradnik/wazne-skladniki-odzywcze/witamina-e,
https://hipp.pl/ciaza/poradnik/wazne-skladniki-odzywcze/niacyna,
https://hipp.pl/ciaza/poradnik/pielegnacja-w-ciazy,
https://hipp.pl/ciaza/poradnik/pielegnacja-w-ciazy/pielegnacja-skory,
https://hipp.pl/ciaza/poradnik/pielegnacja-w-ciazy/delikatny-masaz,
https://hipp.pl/ciaza/poradnik/badania-w-ciazy,
https://hipp.pl/ciaza/poradnik/badania-w-ciazy/czy-ja-jestem-w-ciazy,
https://hipp.pl/ciaza/poradnik/badania-w-ciazy/pierwsze-usg-dlaczego-jest-takie-wazne,
https://hipp.pl/ciaza/poradnik/badania-w-ciazy/dodatkowe-badania-w-ciazy-kiedy-sa-potrzebne,
https://hipp.pl/ciaza/poradnik/badania-w-ciazy/usg-polowkowe,
https://hipp.pl/ciaza/poradnik/badania-w-ciazy/odliczamy-do-porodu,
https://hipp.pl/ciaza/poradnik/pytania-i-odpowiedzi,
https://hipp.pl/ciaza/poradnik/pytania-i-odpowiedzi/jak-postepowac-przy-mdlosciach,
https://hipp.pl/ciaza/poradnik/pytania-i-odpowiedzi/co-pomaga-na-zgage,
https://hipp.pl/ciaza/poradnik/pytania-i-odpowiedzi/jak-radzic-sobie-z-zaparciami,
https://hipp.pl/ciaza/poradnik/pytania-i-odpowiedzi/czy-moge-uprawiac-sport,
https://hipp.pl/ciaza/poradnik/pytania-i-odpowiedzi/co-to-sa-skurcze-braxtona-hicksa,
https://hipp.pl/ciaza/poradnik/pytania-i-odpowiedzi/czy-moje-dziecko-jest-zagrozone-alergia,
https://hipp.pl/ciaza/poradnik/pytania-i-odpowiedzi/dlaczego-tak-wazne-jest-cwiczenie-miesni-kegla-po-porodzie,
https://hipp.pl/ciaza/poradnik/pytania-i-odpowiedzi/porod-naturalny-czy-przez-cesarskie-ciecie,
https://hipp.pl/ciaza/poradnik/pytania-i-odpowiedzi/gdy-porod-zaczyna-sie-za-wczesnie,
https://hipp.pl/ciaza/poradnik/quiz-ciazowy,
https://hipp.pl/ciaza/poradnik/quiz-ciazowy/wlasciwe-odpowiedzi,
https://hipp.pl/ciaza/poradnik/niezbednik-przed-porodem,
https://hipp.pl/ciaza/poradnik/niezbednik-przed-porodem/lista-rzeczy-potrzebnych-do-szpitala,
https://hipp.pl/ciaza/poradnik/niezbednik-przed-porodem/wybor-poloznej-i-szpitala,
https://hipp.pl/ciaza/poradnik/niezbednik-przed-porodem/pierwsza-wyprawka,
https://hipp.pl/ciaza/poradnik/niezbednik-przed-porodem/pierwsze-oznaki-porodu,
https://hipp.pl/ciaza/poradnik/niezbednik-przed-porodem/kontakt-skora-do-skory,
https://hipp.pl/ciaza/poradnik/niezbednik-przed-porodem/porady-dla-przyszlego-taty,
https://hipp.pl/klub/pomoc-klubu-maluszka,
https://hipp.pl/klub/korzysci-klubu,
https://hipp.pl/klub-logged-in/topnavi-level-2,
https://hipp.pl/klub-logged-in/topnavi-level-2-order,
https://hipp.pl/klub-logged-in/topnavi-level-2-rate,
https://hipp.pl/kontakt/jakosc-bio/produkty-hipp-bio,
https://hipp.pl/kontakt/jakosc-bio/znak-hipp-bio-wywiad-ze-stefanem-hippem,
https://hipp.pl/kontakt/jakosc-bio/uprawa-warzyw-bio-video,
https://hipp.pl/kontakt/jakosc-bio/owoce-bio-video,
https://hipp.pl/kontakt/jakosc-bio/ekologiczne-mleko,
https://hipp.pl/kontakt/jakosc-bio/chow-zwierzat-zgodny-z-wymogami-gatunku-video,
https://hipp.pl/kontakt/jakosc-bio/nasze-ryby-pochodza-ze-zrownowazonych-polowow,
https://hipp.pl/kontakt/jakosc-bio/kontrola-jakosci,
https://hipp.pl/kontakt/jakosc-bio/ekologiczne-opakowania,
https://hipp.pl/kontakt/jakosc-bio/zrownowazony-rozwoj,
https://hipp.pl/kontakt/jakosc-bio/zrownowazony-rozwoj/zrownowazony-rozwoj-misja-firmy,
https://hipp.pl/kontakt/jakosc-bio/zrownowazony-rozwoj/projekty-ekologicznej-roznorodnosci,
https://hipp.pl/kontakt/jakosc-bio/zrownowazony-rozwoj/projekty-ekologicznej-roznorodnosci/gospodarstwo-ekologiczne-ehrensberger-hof,
https://hipp.pl/kontakt/jakosc-bio/zrownowazony-rozwoj/projekty-ekologicznej-roznorodnosci/biodiversity,
https://hipp.pl/kontakt/odkrywca-skladnikow,
https://hipp.pl/kontakt/odkrywca-skladnikow/mapy,
https://hipp.pl/kontakt/odkrywca-skladnikow/panstwa/polska,
https://hipp.pl/kontakt/odkrywca-skladnikow/panstwa/niemcy,
https://hipp.pl/kontakt/odkrywca-skladnikow/panstwa/gruzja,
https://hipp.pl/kontakt/odkrywca-skladnikow/panstwa/wlochy,
https://hipp.pl/kontakt/odkrywca-skladnikow/panstwa/hiszpania,
https://hipp.pl/kontakt/odkrywca-skladnikow/panstwa/austria,
https://hipp.pl/kontakt/odkrywca-skladnikow/panstwa/serbia,
https://hipp.pl/kontakt/odkrywca-skladnikow/panstwa/turcja,
https://hipp.pl/kontakt/odkrywca-skladnikow/panstwa/ukraina,
https://hipp.pl/kontakt/odkrywca-skladnikow/panstwa/wegry,
https://hipp.pl/kontakt/odkrywca-skladnikow/panstwa/holandia,
https://hipp.pl/kontakt/odkrywca-skladnikow/panstwa/czechy,
https://hipp.pl/kontakt/odkrywca-skladnikow/panstwa/kostaryka,
https://hipp.pl/kontakt/odkrywca-skladnikow/panstwa/ekwador,
https://hipp.pl/kontakt/odkrywca-skladnikow/panstwa/meksyk,
https://hipp.pl/kontakt/odkrywca-skladnikow/panstwa/tajlandia,
https://hipp.pl/kontakt/odkrywca-skladnikow/panstwa/pakistan,
https://hipp.pl/kontakt/odkrywca-skladnikow/panstwa/slowacja,
https://hipp.pl/kontakt/odkrywca-skladnikow/panstwa/francja,
https://hipp.pl/kontakt/odkrywca-skladnikow/panstwa/argentyna,
https://hipp.pl/kontakt/odkrywca-skladnikow/panstwa/irlandia,
https://hipp.pl/kontakt/odkrywca-skladnikow/panstwa/rpa,
https://hipp.pl/kontakt/odkrywca-skladnikow/panstwa/indie,
https://hipp.pl/kontakt/odkrywca-skladnikow/panstwa/kolumbia,
https://hipp.pl/kontakt/odkrywca-skladnikow/panstwa/mali,
https://hipp.pl/kontakt/odkrywca-skladnikow/jablka-hipp-bio,
https://hipp.pl/kontakt/odkrywca-skladnikow/jablka-hipp-bio/pochodzenie,
https://hipp.pl/kontakt/odkrywca-skladnikow/jablka-hipp-bio/czy-wiesz-ze,
https://hipp.pl/kontakt/odkrywca-skladnikow/jablka-hipp-bio/odmiana-ciekawostki,
https://hipp.pl/kontakt/odkrywca-skladnikow/jablka-hipp-bio/korzysci-dla-dziecka,
https://hipp.pl/kontakt/odkrywca-skladnikow/marchew-hipp-bio,
https://hipp.pl/kontakt/odkrywca-skladnikow/marchew-hipp-bio/pochodzenie,
https://hipp.pl/kontakt/odkrywca-skladnikow/marchew-hipp-bio/czy-wiesz-ze,
https://hipp.pl/kontakt/odkrywca-skladnikow/marchew-hipp-bio/odmiana-ciekawostki,
https://hipp.pl/kontakt/odkrywca-skladnikow/marchew-hipp-bio/korzysci-dla-dziecka,
https://hipp.pl/kontakt/odkrywca-skladnikow/banany-hipp-bio,
https://hipp.pl/kontakt/odkrywca-skladnikow/banany-hipp-bio/pochodzenie,
https://hipp.pl/kontakt/odkrywca-skladnikow/banany-hipp-bio/czy-wiesz-ze,
https://hipp.pl/kontakt/odkrywca-skladnikow/banany-hipp-bio/odmiana-ciekawostki,
https://hipp.pl/kontakt/odkrywca-skladnikow/banany-hipp-bio/korzysci-dla-dziecka,
https://hipp.pl/kontakt/odkrywca-skladnikow/ziemniaki-hipp-bio,
https://hipp.pl/kontakt/odkrywca-skladnikow/ziemniaki-hipp-bio/pochodzenie,
https://hipp.pl/kontakt/odkrywca-skladnikow/ziemniaki-hipp-bio/czy-wiesz-ze,
https://hipp.pl/kontakt/odkrywca-skladnikow/ziemniaki-hipp-bio/odmiana-ciekawostki,
https://hipp.pl/kontakt/odkrywca-skladnikow/ziemniaki-hipp-bio/korzysci-dla-dziecka,
https://hipp.pl/kontakt/odkrywca-skladnikow/ryz-hipp-bio,
https://hipp.pl/kontakt/odkrywca-skladnikow/ryz-hipp-bio/pochodzenie,
https://hipp.pl/kontakt/odkrywca-skladnikow/ryz-hipp-bio/czy-wiesz-ze,
https://hipp.pl/kontakt/odkrywca-skladnikow/ryz-hipp-bio/odmiana-ciekawostki,
https://hipp.pl/kontakt/odkrywca-skladnikow/ryz-hipp-bio/korzysci-dla-dziecka,
https://hipp.pl/kontakt/odkrywca-skladnikow/gruszki-hipp-bio,
https://hipp.pl/kontakt/odkrywca-skladnikow/gruszki-hipp-bio/pochodzenie,
https://hipp.pl/kontakt/odkrywca-skladnikow/gruszki-hipp-bio/czy-wiesz-ze,
https://hipp.pl/kontakt/odkrywca-skladnikow/gruszki-hipp-bio/odmiana-ciekawostki,
https://hipp.pl/kontakt/odkrywca-skladnikow/gruszki-hipp-bio/korzysci-dla-dziecka,
https://hipp.pl/kontakt/odkrywca-skladnikow/brzoskwinie-hipp-bio,
https://hipp.pl/kontakt/odkrywca-skladnikow/brzoskwinie-hipp-bio/pochodzenie,
https://hipp.pl/kontakt/odkrywca-skladnikow/brzoskwinie-hipp-bio/czy-wiesz-ze,
https://hipp.pl/kontakt/odkrywca-skladnikow/brzoskwinie-hipp-bio/odmiana-ciekawostki,
https://hipp.pl/kontakt/odkrywca-skladnikow/brzoskwinie-hipp-bio/korzysci-dla-dziecka,
https://hipp.pl/kontakt/odkrywca-skladnikow/pomidory-hipp-bio,
https://hipp.pl/kontakt/odkrywca-skladnikow/pomidory-hipp-bio/pochodzenie,
https://hipp.pl/kontakt/odkrywca-skladnikow/pomidory-hipp-bio/czy-wiesz-ze,
https://hipp.pl/kontakt/odkrywca-skladnikow/pomidory-hipp-bio/odmiana-ciekawostki,
https://hipp.pl/kontakt/odkrywca-skladnikow/pomidory-hipp-bio/korzysci-dla-dziecka,
https://hipp.pl/kontakt/odkrywca-skladnikow/truskawki-hipp-bio,
https://hipp.pl/kontakt/odkrywca-skladnikow/truskawki-hipp-bio/pochodzenie,
https://hipp.pl/kontakt/odkrywca-skladnikow/truskawki-hipp-bio/czy-wiesz-ze,
https://hipp.pl/kontakt/odkrywca-skladnikow/truskawki-hipp-bio/odmiana-ciekawostki,
https://hipp.pl/kontakt/odkrywca-skladnikow/truskawki-hipp-bio/korzysci-dla-dziecka,
https://hipp.pl/kontakt/odkrywca-skladnikow/wolowina-hipp-bio,
https://hipp.pl/kontakt/odkrywca-skladnikow/wolowina-hipp-bio/pochodzenie,
https://hipp.pl/kontakt/odkrywca-skladnikow/wolowina-hipp-bio/czy-wiesz-ze,
https://hipp.pl/kontakt/odkrywca-skladnikow/wolowina-hipp-bio/chow-zwierzat,
https://hipp.pl/kontakt/odkrywca-skladnikow/wolowina-hipp-bio/korzysci-dla-dziecka,
https://hipp.pl/kontakt/odkrywca-skladnikow/kurczaki-hipp-bio,
https://hipp.pl/kontakt/odkrywca-skladnikow/kurczaki-hipp-bio/pochodzenie,
https://hipp.pl/kontakt/odkrywca-skladnikow/kurczaki-hipp-bio/czy-wiesz-ze,
https://hipp.pl/kontakt/odkrywca-skladnikow/kurczaki-hipp-bio/chow-zwierzat,
https://hipp.pl/kontakt/odkrywca-skladnikow/kurczaki-hipp-bio/korzysci-dla-dziecka,
https://hipp.pl/kontakt/odkrywca-skladnikow/indyki-hipp-bio,
https://hipp.pl/kontakt/odkrywca-skladnikow/indyki-hipp-bio/pochodzenie,
https://hipp.pl/kontakt/odkrywca-skladnikow/indyki-hipp-bio/czy-wiesz-ze,
https://hipp.pl/kontakt/odkrywca-skladnikow/indyki-hipp-bio/chow-zwierzat,
https://hipp.pl/kontakt/odkrywca-skladnikow/indyki-hipp-bio/korzysci-dla-dziecka,
https://hipp.pl/kontakt/odkrywca-skladnikow/ryby-hipp,
https://hipp.pl/kontakt/odkrywca-skladnikow/ryby-hipp/pochodzenie,
https://hipp.pl/kontakt/odkrywca-skladnikow/ryby-hipp/czy-wiesz-ze,
https://hipp.pl/kontakt/odkrywca-skladnikow/ryby-hipp/gatunki,
https://hipp.pl/kontakt/odkrywca-skladnikow/ryby-hipp/korzysci-dla-dziecka,
https://hipp.pl/kontakt/odkrywca-skladnikow/dynia-hipp-bio,
https://hipp.pl/kontakt/odkrywca-skladnikow/dynia-hipp-bio/pochodzenie,
https://hipp.pl/kontakt/odkrywca-skladnikow/dynia-hipp-bio/czy-wiesz-ze,
https://hipp.pl/kontakt/odkrywca-skladnikow/dynia-hipp-bio/odmiana-ciekawostki,
https://hipp.pl/kontakt/odkrywca-skladnikow/dynia-hipp-bio/korzysci-dla-dziecka,
https://hipp.pl/kontakt/odkrywca-skladnikow/mango-hipp-bio,
https://hipp.pl/kontakt/odkrywca-skladnikow/mango-hipp-bio/pochodzenie,
https://hipp.pl/kontakt/odkrywca-skladnikow/mango-hipp-bio/czy-wiesz-ze,
https://hipp.pl/kontakt/odkrywca-skladnikow/mango-hipp-bio/odmiana-ciekawostki,
https://hipp.pl/kontakt/odkrywca-skladnikow/mango-hipp-bio/korzysci-dla-dziecka,
https://hipp.pl/kontakt/odkrywca-skladnikow/sliwki-hipp-bio,
https://hipp.pl/kontakt/odkrywca-skladnikow/sliwki-hipp-bio/pochodzenie,
https://hipp.pl/kontakt/odkrywca-skladnikow/sliwki-hipp-bio/czy-wiesz-ze,
https://hipp.pl/kontakt/odkrywca-skladnikow/sliwki-hipp-bio/odmiana-ciekawostki,
https://hipp.pl/kontakt/odkrywca-skladnikow/sliwki-hipp-bio/korzysci-dla-dziecka,
https://hipp.pl/kontakt/odkrywca-skladnikow/olej-palmowy-bio,
https://hipp.pl/kontakt/odkrywca-skladnikow/olej-palmowy-bio/pochodzenie,
https://hipp.pl/kontakt/odkrywca-skladnikow/olej-palmowy-bio/czy-wiesz-ze,
https://hipp.pl/kontakt/odkrywca-skladnikow/olej-palmowy-bio/ciekawostki,
https://hipp.pl/kontakt/odkrywca-skladnikow/olej-palmowy-bio/korzysci-dla-dziecka,
https://hipp.pl/kontakt/firma,
https://hipp.pl/kontakt/firma/daty-i-fakty,
https://hipp.pl/kontakt/firma/historia,
https://hipp.pl/kontakt/firma/historia/zrodlo-wielkiej-idei,
https://hipp.pl/kontakt/firma/historia/pierwszy-produkt-hipp,
https://hipp.pl/kontakt/firma/historia/dania-w-sloiczkach-dla-dzieci,
https://hipp.pl/kontakt/firma/historia/pionier-rolnictwa-ekologicznego,
https://hipp.pl/kontakt/firma/historia/dr-hans-mueller,
https://hipp.pl/kontakt/kontakt,
https://hipp.pl/kontakt/hipp-serwis-dla-rodzicow,
https://hipp.pl/kontakt/hipp-serwis-dla-rodzicow-formularz,
https://hipp.pl/kontakt/hipp-serwis-dla-rodzicow-formularz/dziekujemy,
https://hipp.pl/kontakt/kontakt-dla-firm,
https://hipp.pl/kontakt/kontakt-dla-firm/dziekujemy,
https://hipp.pl/test-mleka-hipp/regulamin,
https://hipp.pl/test-mleka-hipp/lp0,
https://hipp.pl/test-mleka-hipp/nabor-zakonczyl-sie,
https://hipp.pl/test-mleka-hipp/dziekujemy,
https://hipp.pl/test-mleka-hipp/nagrody,
https://hipp.pl/test-mleka-hipp/oczekujacy-na-ankiete-2,
https://hipp.pl/test-mleka-hipp/niewypelniona-ankieta-2,
https://hipp.pl/test-mleka-hipp/dziekujemy-ankieta-2,
https://hipp.pl/test-mleka-hipp/koniec-ankiety-2,
https://hipp.pl/test-mleka-hipp/laureaci,
https://hipp.pl/test-mleka-hipp/zakonczone-konkursy,
https://hipp.pl/404,
https://hipp.pl/impresum,
https://hipp.pl/zasady-korzystania,
https://hipp.pl/polityka-bezpieczenstwa,
https://hipp.pl/footer/footer-line-3-1,
https://hipp.pl/footer/footer-line-2-1,
https://hipp.pl/footer/footer-line-1-1,
https://hipp.pl/klub/zaloguj-sie,
https://hipp.pl/klub/nie-pamietasz-hasla,
https://hipp.pl/resetowanie-hasla/nowe-haslo,
https://hipp.pl/klub/zarejestruj-sie,
https://hipp.pl/rejestracja/aktywacja,
https://hipp.pl/rejestracja/link-aktywacyjny,
https://hipp.pl/polityka-prywatnosci,
https://hipp.pl/forum,
https://hipp.pl/zywienie-0-1/rozszerzanie-diety,
https://hipp.pl/klub/zarejestruj-sie/potwierdzenie,
https://hipp.pl/mleko/karmienie-piersia/przygotowanie-do-karmienia-piersia,
https://hipp.pl/mleko/karmienie-piersia/nawal-mleczny,
https://hipp.pl/mleko/karmienie-piersia/zastoj-pokarmu,
https://hipp.pl/mleko/karmienie-piersia/zapalenie-piersi,
https://hipp.pl/mleko/karmienie-piersia/jak-pomocd-dziecku-z-ulewaniem,
https://hipp.pl/mleko/karmienie-piersia/kolka-niemowleca-jak-ja-rozpoznac,
https://hipp.pl/mleko/karmienie-piersia/zaparcia-u-maluszka,
https://hipp.pl/mleko/karmienie-piersia/mama-wraca-do-pracy,
https://hipp.pl/mleko/karmienie-piersia/karmienie-piersia-a-odpornosc-dziecka,
https://hipp.pl/mleko/nowa-receptura,
https://hipp.pl/zywienie-0-1/rozszerzanie-diety/schemat-rozszerzania-diety,
https://hipp.pl/zywienie-0-1/produkty/dania/dania-po-11-miesiacu,
